"surface","width_um","height_um","permission","orientations","margin_um","gap_um","minimum_side_um","enumerated","valid_distinct","after_quality","baseline","cap20","cap20_window20","cap20_novelty15","cap20_no_family_cap"
"singlePage","300000","300000","pagesOnly","horizontal","15000","5000","20000","1","1","1","1","1","1","1","1"
"singlePage","300000","300000","pagesOnly","vertical","15000","5000","20000","1","1","1","1","1","1","1","1"
"singlePage","300000","300000","pagesOnly","square","15000","5000","20000","1","1","1","1","1","1","1","1"
"singlePage","300000","300000","pagesOnly","horizontal|horizontal","15000","5000","20000","3","3","2","2","2","2","2","2"
"singlePage","300000","300000","pagesOnly","vertical|horizontal","15000","5000","20000","4","4","4","4","4","4","4","4"
"singlePage","300000","300000","pagesOnly","vertical|vertical","15000","5000","20000","3","3","2","2","2","2","2","2"
"singlePage","300000","300000","pagesOnly","square|square","15000","5000","20000","2","2","2","2","2","2","2","2"
"singlePage","300000","300000","pagesOnly","horizontal|horizontal|horizontal","15000","5000","20000","6","6","4","2","2","3","2","2"
"singlePage","300000","300000","pagesOnly","vertical|horizontal|horizontal","15000","5000","20000","14","14","8","8","8","8","8","8"
"singlePage","300000","300000","pagesOnly","vertical|vertical|horizontal","15000","5000","20000","14","14","8","8","8","8","8","8"
"singlePage","300000","300000","pagesOnly","vertical|vertical|vertical","15000","5000","20000","6","6","4","2","2","3","2","2"
"singlePage","300000","300000","pagesOnly","square|square|square","15000","5000","20000","2","2","2","2","2","2","2","2"
"singlePage","300000","300000","pagesOnly","horizontal|horizontal|horizontal|horizontal","15000","5000","20000","0","0","0","0","0","0","0","0"
"singlePage","300000","300000","pagesOnly","vertical|horizontal|horizontal|horizontal","15000","5000","20000","11","11","11","8","8","8","8","10"
"singlePage","300000","300000","pagesOnly","vertical|vertical|horizontal|horizontal","15000","5000","20000","54","54","34","10","10","14","10","20"
"singlePage","300000","300000","pagesOnly","vertical|vertical|vertical|horizontal","15000","5000","20000","11","11","11","8","8","8","8","10"
"singlePage","300000","300000","pagesOnly","vertical|vertical|vertical|vertical","15000","5000","20000","0","0","0","0","0","0","0","0"
"singlePage","300000","300000","pagesOnly","square|square|square|square","15000","5000","20000","0","0","0","0","0","0","0","0"
"singlePage","300000","300000","pagesOnly","horizontal|horizontal|horizontal|horizontal|horizontal","15000","5000","20000","1","1","1","1","1","1","1","1"
"singlePage","300000","300000","pagesOnly","vertical|horizontal|horizontal|horizontal|horizontal","15000","5000","20000","2","2","1","1","1","1","1","1"
"singlePage","300000","300000","pagesOnly","vertical|vertical|horizontal|horizontal|horizontal","15000","5000","20000","52","52","16","10","10","11","10","12"
"singlePage","300000","300000","pagesOnly","vertical|vertical|vertical|horizontal|horizontal","15000","5000","20000","52","52","16","10","10","11","10","12"
"singlePage","300000","300000","pagesOnly","vertical|vertical|vertical|vertical|horizontal","15000","5000","20000","2","2","1","1","1","1","1","1"
"singlePage","300000","300000","pagesOnly","vertical|vertical|vertical|vertical|vertical","15000","5000","20000","1","1","1","1","1","1","1","1"
"singlePage","300000","300000","pagesOnly","square|square|square|square|square","15000","5000","20000","0","0","0","0","0","0","0","0"
"singlePage","300000","300000","pagesOnly","horizontal|horizontal|horizontal|horizontal|horizontal|horizontal","15000","5000","20000","1","1","1","1","1","1","1","1"
"singlePage","300000","300000","pagesOnly","vertical|horizontal|horizontal|horizontal|horizontal|horizontal","15000","5000","20000","19","19","12","8","8","8","8","12"
"singlePage","300000","300000","pagesOnly","vertical|vertical|horizontal|horizontal|horizontal|horizontal","15000","5000","20000","19","19","13","8","8","8","8","13"
"singlePage","300000","300000","pagesOnly","vertical|vertical|vertical|horizontal|horizontal|horizontal","15000","5000","20000","34","34","34","10","10","10","10","18"
"singlePage","300000","300000","pagesOnly","vertical|vertical|vertical|vertical|horizontal|horizontal","15000","5000","20000","19","19","13","8","8","8","8","13"
"singlePage","300000","300000","pagesOnly","vertical|vertical|vertical|vertical|vertical|horizontal","15000","5000","20000","19","19","12","8","8","8","8","12"
"singlePage","300000","300000","pagesOnly","vertical|vertical|vertical|vertical|vertical|vertical","15000","5000","20000","1","1","1","1","1","1","1","1"
"singlePage","300000","300000","pagesOnly","square|square|square|square|square|square","15000","5000","20000","0","0","0","0","0","0","0","0"
"doubleSheet","600000","300000","pagesOnly","horizontal","15000","5000","20000","2","2","2","2","2","2","2","2"
"doubleSheet","600000","300000","pagesOnly","vertical","15000","5000","20000","2","2","2","2","2","2","2","2"
"doubleSheet","600000","300000","pagesOnly","square","15000","5000","20000","2","2","2","2","2","2","2","2"
"doubleSheet","600000","300000","pagesOnly","horizontal|horizontal","15000","5000","20000","1","1","1","1","1","1","1","1"
"doubleSheet","600000","300000","pagesOnly","vertical|horizontal","15000","5000","20000","2","2","2","2","2","2","2","2"
"doubleSheet","600000","300000","pagesOnly","vertical|vertical","15000","5000","20000","1","1","1","1","1","1","1","1"
"doubleSheet","600000","300000","pagesOnly","square|square","15000","5000","20000","1","1","1","1","1","1","1","1"
"doubleSheet","600000","300000","pagesOnly","horizontal|horizontal|horizontal","15000","5000","20000","6","6","4","2","2","4","4","2"
"doubleSheet","600000","300000","pagesOnly","vertical|horizontal|horizontal","15000","5000","20000","14","14","12","10","10","12","12","10"
"doubleSheet","600000","300000","pagesOnly","vertical|vertical|horizontal","15000","5000","20000","14","14","12","10","10","12","12","10"
"doubleSheet","600000","300000","pagesOnly","vertical|vertical|vertical","15000","5000","20000","6","6","4","2","2","4","4","2"
"doubleSheet","600000","300000","pagesOnly","square|square|square","15000","5000","20000","4","4","4","4","4","4","4","4"
"doubleSheet","600000","300000","pagesOnly","horizontal|horizontal|horizontal|horizontal","15000","5000","20000","21","21","12","6","6","12","6","6"
"doubleSheet","600000","300000","pagesOnly","vertical|horizontal|horizontal|horizontal","15000","5000","20000","48","48","20","10","16","20","16","16"
"doubleSheet","600000","300000","pagesOnly","vertical|vertical|horizontal|horizontal","15000","5000","20000","58","58","32","10","20","20","20","20"
"doubleSheet","600000","300000","pagesOnly","vertical|vertical|vertical|horizontal","15000","5000","20000","48","48","20","10","16","20","16","16"
"doubleSheet","600000","300000","pagesOnly","vertical|vertical|vertical|vertical","15000","5000","20000","21","21","12","6","6","12","6","6"
"doubleSheet","600000","300000","pagesOnly","square|square|square|square","15000","5000","20000","8","8","8","8","8","8","8","8"
"doubleSheet","600000","300000","pagesOnly","horizontal|horizontal|horizontal|horizontal|horizontal","15000","5000","20000","36","36","16","4","4","12","8","4"
"doubleSheet","600000","300000","pagesOnly","vertical|horizontal|horizontal|horizontal|horizontal","15000","5000","20000","96","96","68","10","20","20","20","20"
"doubleSheet","600000","300000","pagesOnly","vertical|vertical|horizontal|horizontal|horizontal","15000","5000","20000","144","144","64","10","20","20","20","20"
"doubleSheet","600000","300000","pagesOnly","vertical|vertical|vertical|horizontal|horizontal","15000","5000","20000","144","144","64","10","20","20","20","20"
"doubleSheet","600000","300000","pagesOnly","vertical|vertical|vertical|vertical|horizontal","15000","5000","20000","96","96","68","10","20","20","20","20"
"doubleSheet","600000","300000","pagesOnly","vertical|vertical|vertical|vertical|vertical","15000","5000","20000","36","36","16","4","4","12","8","4"
"doubleSheet","600000","300000","pagesOnly","square|square|square|square|square","15000","5000","20000","8","8","8","8","8","8","8","8"
"doubleSheet","600000","300000","pagesOnly","horizontal|horizontal|horizontal|horizontal|horizontal|horizontal","15000","5000","20000","38","38","16","4","4","15","4","4"
"doubleSheet","600000","300000","pagesOnly","vertical|horizontal|horizontal|horizontal|horizontal|horizontal","15000","5000","20000","114","114","76","10","20","20","20","20"
"doubleSheet","600000","300000","pagesOnly","vertical|vertical|horizontal|horizontal|horizontal|horizontal","15000","5000","20000","208","208","130","10","20","20","20","20"
"doubleSheet","600000","300000","pagesOnly","vertical|vertical|vertical|horizontal|horizontal|horizontal","15000","5000","20000","288","288","176","10","20","20","20","20"
"doubleSheet","600000","300000","pagesOnly","vertical|vertical|vertical|vertical|horizontal|horizontal","15000","5000","20000","208","208","130","10","20","20","20","20"
"doubleSheet","600000","300000","pagesOnly","vertical|vertical|vertical|vertical|vertical|horizontal","15000","5000","20000","114","114","76","10","20","20","20","20"
"doubleSheet","600000","300000","pagesOnly","vertical|vertical|vertical|vertical|vertical|vertical","15000","5000","20000","38","38","16","4","4","15","4","4"
"doubleSheet","600000","300000","pagesOnly","square|square|square|square|square|square","15000","5000","20000","4","4","4","4","4","4","4","4"
"doubleSheet","600000","300000","pagesAndSheet","horizontal","15000","5000","20000","4","4","2","2","2","4","2","2"
"doubleSheet","600000","300000","pagesAndSheet","vertical","15000","5000","20000","3","3","3","3","3","3","3","3"
"doubleSheet","600000","300000","pagesAndSheet","square","15000","5000","20000","3","3","3","3","3","3","3","3"
"doubleSheet","600000","300000","pagesAndSheet","horizontal|horizontal","15000","5000","20000","3","2","1","1","1","2","1","1"
"doubleSheet","600000","300000","pagesAndSheet","vertical|horizontal","15000","5000","20000","12","12","8","2","2","4","4","2"
"doubleSheet","600000","300000","pagesAndSheet","vertical|vertical","15000","5000","20000","3","2","1","1","1","1","1","1"
"doubleSheet","600000","300000","pagesAndSheet","square|square","15000","5000","20000","3","2","1","1","1","1","1","1"
"doubleSheet","600000","300000","pagesAndSheet","horizontal|horizontal|horizontal","15000","5000","20000","12","12","6","4","4","7","4","4"
"doubleSheet","600000","300000","pagesAndSheet","vertical|horizontal|horizontal","15000","5000","20000","24","24","17","10","12","14","14","15"
"doubleSheet","600000","300000","pagesAndSheet","vertical|vertical|horizontal","15000","5000","20000","29","29","9","4","4","12","4","9"
"doubleSheet","600000","300000","pagesAndSheet","vertical|vertical|vertical","15000","5000","20000","9","9","4","3","3","3","3","3"
"doubleSheet","600000","300000","pagesAndSheet","square|square|square","15000","5000","20000","6","6","5","5","5","5","5","5"
"doubleSheet","600000","300000","pagesAndSheet","horizontal|horizontal|horizontal|horizontal","15000","5000","20000","21","21","12","6","6","12","6","6"
"doubleSheet","600000","300000","pagesAndSheet","vertical|horizontal|horizontal|horizontal","15000","5000","20000","53","53","25","10","20","20","20","20"
"doubleSheet","600000","300000","pagesAndSheet","vertical|vertical|horizontal|horizontal","15000","5000","20000","92","90","39","10","20","20","20","20"
"doubleSheet","600000","300000","pagesAndSheet","vertical|vertical|vertical|horizontal","15000","5000","20000","51","51","23","10","18","20","18","19"
"doubleSheet","600000","300000","pagesAndSheet","vertical|vertical|vertical|vertical","15000","5000","20000","22","22","13","7","7","13","7","7"
"doubleSheet","600000","300000","pagesAndSheet","square|square|square|square","15000","5000","20000","8","8","8","8","8","8","8","8"
"doubleSheet","600000","300000","pagesAndSheet","horizontal|horizontal|horizontal|horizontal|horizontal","15000","5000","20000","37","37","17","5","5","13","9","5"
"doubleSheet","600000","300000","pagesAndSheet","vertical|horizontal|horizontal|horizontal|horizontal","15000","5000","20000","106","106","69","10","20","20","20","20"
"doubleSheet","600000","300000","pagesAndSheet","vertical|vertical|horizontal|horizontal|horizontal","15000","5000","20000","182","182","62","10","20","20","20","20"
"doubleSheet","600000","300000","pagesAndSheet","vertical|vertical|vertical|horizontal|horizontal","15000","5000","20000","187","187","84","10","20","20","20","20"
"doubleSheet","600000","300000","pagesAndSheet","vertical|vertical|vertical|vertical|horizontal","15000","5000","20000","100","100","69","10","20","20","20","20"
"doubleSheet","600000","300000","pagesAndSheet","vertical|vertical|vertical|vertical|vertical","15000","5000","20000","38","38","17","5","5","14","9","5"
"doubleSheet","600000","300000","pagesAndSheet","square|square|square|square|square","15000","5000","20000","8","8","8","8","8","8","8","8"
"doubleSheet","600000","300000","pagesAndSheet","horizontal|horizontal|horizontal|horizontal|horizontal|horizontal","15000","5000","20000","39","39","16","4","4","15","4","4"
"doubleSheet","600000","300000","pagesAndSheet","vertical|horizontal|horizontal|horizontal|horizontal|horizontal","15000","5000","20000","131","131","81","10","20","20","20","20"
"doubleSheet","600000","300000","pagesAndSheet","vertical|vertical|horizontal|horizontal|horizontal|horizontal","15000","5000","20000","232","232","141","10","20","20","20","20"
"doubleSheet","600000","300000","pagesAndSheet","vertical|vertical|vertical|horizontal|horizontal|horizontal","15000","5000","20000","320","320","178","10","20","20","20","20"
"doubleSheet","600000","300000","pagesAndSheet","vertical|vertical|vertical|vertical|horizontal|horizontal","15000","5000","20000","230","230","142","10","20","20","20","20"
"doubleSheet","600000","300000","pagesAndSheet","vertical|vertical|vertical|vertical|vertical|horizontal","15000","5000","20000","121","121","76","10","20","20","20","20"
"doubleSheet","600000","300000","pagesAndSheet","vertical|vertical|vertical|vertical|vertical|vertical","15000","5000","20000","40","40","18","6","6","17","6","6"
"doubleSheet","600000","300000","pagesAndSheet","square|square|square|square|square|square","15000","5000","20000","4","4","4","4","4","4","4","4"
"doubleSheet","600000","240000","pagesOnly","horizontal","15000","5000","20000","4","4","4","2","2","2","2","2"
"doubleSheet","600000","240000","pagesOnly","vertical","15000","5000","20000","2","2","0","0","0","0","0","0"
"doubleSheet","600000","240000","pagesOnly","square","15000","5000","20000","2","2","2","2","2","2","2","2"
"doubleSheet","600000","240000","pagesOnly","horizontal|horizontal","15000","5000","20000","4","4","4","1","1","1","1","1"
"doubleSheet","600000","240000","pagesOnly","vertical|horizontal","15000","5000","20000","4","4","4","2","2","2","2","2"
"doubleSheet","600000","240000","pagesOnly","vertical|vertical","15000","5000","20000","1","1","1","1","1","1","1","1"
"doubleSheet","600000","240000","pagesOnly","square|square","15000","5000","20000","1","1","1","1","1","1","1","1"
"doubleSheet","600000","240000","pagesOnly","horizontal|horizontal|horizontal","15000","5000","20000","8","8","8","4","4","4","4","4"
"doubleSheet","600000","240000","pagesOnly","vertical|horizontal|horizontal","15000","5000","20000","20","20","18","10","10","12","10","10"
"doubleSheet","600000","240000","pagesOnly","vertical|vertical|horizontal","15000","5000","20000","20","20","8","2","2","8","2","2"
"doubleSheet","600000","240000","pagesOnly","vertical|vertical|vertical","15000","5000","20000","6","6","4","2","2","4","2","2"
"doubleSheet","600000","240000","pagesOnly","square|square|square","15000","5000","20000","4","4","4","4","4","4","4","4"
"doubleSheet","600000","240000","pagesOnly","horizontal|horizontal|horizontal|horizontal","15000","5000","20000","28","28","19","7","7","12","7","7"
"doubleSheet","600000","240000","pagesOnly","vertical|horizontal|horizontal|horizontal","15000","5000","20000","52","52","24","4","4","20","4","4"
"doubleSheet","600000","240000","pagesOnly","vertical|vertical|horizontal|horizontal","15000","5000","20000","64","64","44","10","16","20","16","16"
"doubleSheet","600000","240000","pagesOnly","vertical|vertical|vertical|horizontal","15000","5000","20000","52","52","40","10","20","20","20","20"
"doubleSheet","600000","240000","pagesOnly","vertical|vertical|vertical|vertical","15000","5000","20000","17","17","4","1","1","9","1","1"
"doubleSheet","600000","240000","pagesOnly","square|square|square|square","15000","5000","20000","8","8","7","7","7","8","7","7"
"doubleSheet","600000","240000","pagesOnly","horizontal|horizontal|horizontal|horizontal|horizontal","15000","5000","20000","24","24","18","10","10","16","10","10"
"doubleSheet","600000","240000","pagesOnly","vertical|horizontal|horizontal|horizontal|horizontal","15000","5000","20000","96","96","36","10","16","20","16","16"
"doubleSheet","600000","240000","pagesOnly","vertical|vertical|horizontal|horizontal|horizontal","15000","5000","20000","144","144","88","10","20","20","20","20"
"doubleSheet","600000","240000","pagesOnly","vertical|vertical|vertical|horizontal|horizontal","15000","5000","20000","132","132","40","10","12","20","12","12"
"doubleSheet","600000","240000","pagesOnly","vertical|vertical|vertical|vertical|horizontal","15000","5000","20000","82","82","36","10","18","20","18","18"
"doubleSheet","600000","240000","pagesOnly","vertical|vertical|vertical|vertical|vertical","15000","5000","20000","26","26","12","6","6","16","6","6"
"doubleSheet","600000","240000","pagesOnly","square|square|square|square|square","15000","5000","20000","8","8","8","8","8","8","8","8"
"doubleSheet","600000","240000","pagesOnly","horizontal|horizontal|horizontal|horizontal|horizontal|horizontal","15000","5000","20000","40","40","20","6","6","14","6","6"
"doubleSheet","600000","240000","pagesOnly","vertical|horizontal|horizontal|horizontal|horizontal|horizontal","15000","5000","20000","114","114","78","10","20","20","20","20"
"doubleSheet","600000","240000","pagesOnly","vertical|vertical|horizontal|horizontal|horizontal|horizontal","15000","5000","20000","212","212","132","10","20","20","20","20"
"doubleSheet","600000","240000","pagesOnly","vertical|vertical|vertical|horizontal|horizontal|horizontal","15000","5000","20000","260","260","140","10","20","20","20","20"
"doubleSheet","600000","240000","pagesOnly","vertical|vertical|vertical|vertical|horizontal|horizontal","15000","5000","20000","200","200","132","10","20","20","20","20"
"doubleSheet","600000","240000","pagesOnly","vertical|vertical|vertical|vertical|vertical|horizontal","15000","5000","20000","102","102","56","10","20","20","20","20"
"doubleSheet","600000","240000","pagesOnly","vertical|vertical|vertical|vertical|vertical|vertical","15000","5000","20000","24","24","13","10","11","20","11","11"
"doubleSheet","600000","240000","pagesOnly","square|square|square|square|square|square","15000","5000","20000","4","4","3","3","3","3","3","3"
"doubleSheet","600000","240000","pagesAndSheet","horizontal","15000","5000","20000","5","5","3","3","3","3","3","3"
"doubleSheet","600000","240000","pagesAndSheet","vertical","15000","5000","20000","3","3","0","0","0","0","0","0"
"doubleSheet","600000","240000","pagesAndSheet","square","15000","5000","20000","3","3","3","3","3","3","3","3"
"doubleSheet","600000","240000","pagesAndSheet","horizontal|horizontal","15000","5000","20000","7","5","4","1","1","1","1","1"
"doubleSheet","600000","240000","pagesAndSheet","vertical|horizontal","15000","5000","20000","12","12","10","4","4","4","6","6"
"doubleSheet","600000","240000","pagesAndSheet","vertical|vertical","15000","5000","20000","3","2","1","1","1","1","1","1"
"doubleSheet","600000","240000","pagesAndSheet","square|square","15000","5000","20000","3","2","1","1","1","1","1","1"
"doubleSheet","600000","240000","pagesAndSheet","horizontal|horizontal|horizontal","15000","5000","20000","14","14","13","7","7","7","7","7"
"doubleSheet","600000","240000","pagesAndSheet","vertical|horizontal|horizontal","15000","5000","20000","33","33","26","10","12","14","12","18"
"doubleSheet","600000","240000","pagesAndSheet","vertical|vertical|horizontal","15000","5000","20000","37","35","18","6","6","12","6","9"
"doubleSheet","600000","240000","pagesAndSheet","vertical|vertical|vertical","15000","5000","20000","9","9","6","4","4","6","4","4"
"doubleSheet","600000","240000","pagesAndSheet","square|square|square","15000","5000","20000","6","6","3","3","3","5","3","3"
"doubleSheet","600000","240000","pagesAndSheet","horizontal|horizontal|horizontal|horizontal","15000","5000","20000","28","28","19","7","7","12","7","7"
"doubleSheet","600000","240000","pagesAndSheet","vertical|horizontal|horizontal|horizontal","15000","5000","20000","63","59","31","9","9","20","10","10"
"doubleSheet","600000","240000","pagesAndSheet","vertical|vertical|horizontal|horizontal","15000","5000","20000","93","91","46","10","18","20","18","20"
"doubleSheet","600000","240000","pagesAndSheet","vertical|vertical|vertical|horizontal","15000","5000","20000","54","54","34","10","20","20","20","20"
"doubleSheet","600000","240000","pagesAndSheet","vertical|vertical|vertical|vertical","15000","5000","20000","17","17","4","1","1","9","1","1"
"doubleSheet","600000","240000","pagesAndSheet","square|square|square|square","15000","5000","20000","8","8","7","7","7","8","7","7"
"doubleSheet","600000","240000","pagesAndSheet","horizontal|horizontal|horizontal|horizontal|horizontal","15000","5000","20000","25","25","19","10","11","17","11","11"
"doubleSheet","600000","240000","pagesAndSheet","vertical|horizontal|horizontal|horizontal|horizontal","15000","5000","20000","113","109","38","10","18","20","18","18"
"doubleSheet","600000","240000","pagesAndSheet","vertical|vertical|horizontal|horizontal|horizontal","15000","5000","20000","188","184","100","10","20","20","20","20"
"doubleSheet","600000","240000","pagesAndSheet","vertical|vertical|vertical|horizontal|horizontal","15000","5000","20000","174","174","54","10","18","20","18","20"
"doubleSheet","600000","240000","pagesAndSheet","vertical|vertical|vertical|vertical|horizontal","15000","5000","20000","88","88","37","10","19","20","19","19"
"doubleSheet","600000","240000","pagesAndSheet","vertical|vertical|vertical|vertical|vertical","15000","5000","20000","27","27","13","7","7","17","7","7"
"doubleSheet","600000","240000","pagesAndSheet","square|square|square|square|square","15000","5000","20000","8","8","8","8","8","8","8","8"
"doubleSheet","600000","240000","pagesAndSheet","horizontal|horizontal|horizontal|horizontal|horizontal|horizontal","15000","5000","20000","41","41","21","7","7","15","7","7"
"doubleSheet","600000","240000","pagesAndSheet","vertical|horizontal|horizontal|horizontal|horizontal|horizontal","15000","5000","20000","133","129","82","10","20","20","20","20"
"doubleSheet","600000","240000","pagesAndSheet","vertical|vertical|horizontal|horizontal|horizontal|horizontal","15000","5000","20000","245","241","132","10","20","20","20","20"
"doubleSheet","600000","240000","pagesAndSheet","vertical|vertical|vertical|horizontal|horizontal|horizontal","15000","5000","20000","297","293","142","10","20","20","20","20"
"doubleSheet","600000","240000","pagesAndSheet","vertical|vertical|vertical|vertical|horizontal|horizontal","15000","5000","20000","215","213","136","10","20","20","20","20"
"doubleSheet","600000","240000","pagesAndSheet","vertical|vertical|vertical|vertical|vertical|horizontal","15000","5000","20000","111","111","60","10","20","20","20","20"
"doubleSheet","600000","240000","pagesAndSheet","vertical|vertical|vertical|vertical|vertical|vertical","15000","5000","20000","26","26","15","10","13","20","13","13"
"doubleSheet","600000","240000","pagesAndSheet","square|square|square|square|square|square","15000","5000","20000","4","4","3","3","3","3","3","3"
