"surface","width_um","height_um","permission","orientations","candidates"
"singlePage","300000","300000","pagesOnly","horizontal","10"
"singlePage","300000","300000","pagesOnly","vertical","10"
"singlePage","300000","300000","pagesOnly","square","10"
"singlePage","300000","300000","pagesOnly","horizontal+horizontal","11"
"singlePage","300000","300000","pagesOnly","vertical+horizontal","10"
"singlePage","300000","300000","pagesOnly","vertical+vertical","11"
"singlePage","300000","300000","pagesOnly","square+square","10"
"singlePage","300000","300000","pagesOnly","horizontal+horizontal+horizontal","11"
"singlePage","300000","300000","pagesOnly","vertical+horizontal+horizontal","12"
"singlePage","300000","300000","pagesOnly","vertical+vertical+horizontal","12"
"singlePage","300000","300000","pagesOnly","vertical+vertical+vertical","11"
"singlePage","300000","300000","pagesOnly","square+square+square","10"
"singlePage","300000","300000","pagesOnly","horizontal+horizontal+horizontal+horizontal","12"
"singlePage","300000","300000","pagesOnly","vertical+horizontal+horizontal+horizontal","20"
"singlePage","300000","300000","pagesOnly","vertical+vertical+horizontal+horizontal","12"
"singlePage","300000","300000","pagesOnly","vertical+vertical+vertical+horizontal","20"
"singlePage","300000","300000","pagesOnly","vertical+vertical+vertical+vertical","12"
"singlePage","300000","300000","pagesOnly","square+square+square+square","10"
"singlePage","300000","300000","pagesOnly","horizontal+horizontal+horizontal+horizontal+horizontal","12"
"singlePage","300000","300000","pagesOnly","vertical+horizontal+horizontal+horizontal+horizontal","20"
"singlePage","300000","300000","pagesOnly","vertical+vertical+horizontal+horizontal+horizontal","18"
"singlePage","300000","300000","pagesOnly","vertical+vertical+vertical+horizontal+horizontal","16"
"singlePage","300000","300000","pagesOnly","vertical+vertical+vertical+vertical+horizontal","20"
"singlePage","300000","300000","pagesOnly","vertical+vertical+vertical+vertical+vertical","12"
"singlePage","300000","300000","pagesOnly","square+square+square+square+square","10"
"singlePage","300000","300000","pagesOnly","horizontal+horizontal+horizontal+horizontal+horizontal+horizontal","14"
"singlePage","300000","300000","pagesOnly","vertical+horizontal+horizontal+horizontal+horizontal+horizontal","20"
"singlePage","300000","300000","pagesOnly","vertical+vertical+horizontal+horizontal+horizontal+horizontal","20"
"singlePage","300000","300000","pagesOnly","vertical+vertical+vertical+horizontal+horizontal+horizontal","20"
"singlePage","300000","300000","pagesOnly","vertical+vertical+vertical+vertical+horizontal+horizontal","20"
"singlePage","300000","300000","pagesOnly","vertical+vertical+vertical+vertical+vertical+horizontal","20"
"singlePage","300000","300000","pagesOnly","vertical+vertical+vertical+vertical+vertical+vertical","14"
"singlePage","300000","300000","pagesOnly","square+square+square+square+square+square","8"
"doubleSheet","600000","300000","pagesOnly","horizontal","10"
"doubleSheet","600000","300000","pagesOnly","vertical","10"
"doubleSheet","600000","300000","pagesOnly","square","10"
"doubleSheet","600000","300000","pagesOnly","horizontal+horizontal","10"
"doubleSheet","600000","300000","pagesOnly","vertical+horizontal","10"
"doubleSheet","600000","300000","pagesOnly","vertical+vertical","10"
"doubleSheet","600000","300000","pagesOnly","square+square","11"
"doubleSheet","600000","300000","pagesOnly","horizontal+horizontal+horizontal","10"
"doubleSheet","600000","300000","pagesOnly","vertical+horizontal+horizontal","10"
"doubleSheet","600000","300000","pagesOnly","vertical+vertical+horizontal","10"
"doubleSheet","600000","300000","pagesOnly","vertical+vertical+vertical","10"
"doubleSheet","600000","300000","pagesOnly","square+square+square","12"
"doubleSheet","600000","300000","pagesOnly","horizontal+horizontal+horizontal+horizontal","10"
"doubleSheet","600000","300000","pagesOnly","vertical+horizontal+horizontal+horizontal","16"
"doubleSheet","600000","300000","pagesOnly","vertical+vertical+horizontal+horizontal","20"
"doubleSheet","600000","300000","pagesOnly","vertical+vertical+vertical+horizontal","16"
"doubleSheet","600000","300000","pagesOnly","vertical+vertical+vertical+vertical","10"
"doubleSheet","600000","300000","pagesOnly","square+square+square+square","12"
"doubleSheet","600000","300000","pagesOnly","horizontal+horizontal+horizontal+horizontal+horizontal","16"
"doubleSheet","600000","300000","pagesOnly","vertical+horizontal+horizontal+horizontal+horizontal","20"
"doubleSheet","600000","300000","pagesOnly","vertical+vertical+horizontal+horizontal+horizontal","20"
"doubleSheet","600000","300000","pagesOnly","vertical+vertical+vertical+horizontal+horizontal","20"
"doubleSheet","600000","300000","pagesOnly","vertical+vertical+vertical+vertical+horizontal","20"
"doubleSheet","600000","300000","pagesOnly","vertical+vertical+vertical+vertical+vertical","14"
"doubleSheet","600000","300000","pagesOnly","square+square+square+square+square","14"
"doubleSheet","600000","300000","pagesOnly","horizontal+horizontal+horizontal+horizontal+horizontal+horizontal","12"
"doubleSheet","600000","300000","pagesOnly","vertical+horizontal+horizontal+horizontal+horizontal+horizontal","20"
"doubleSheet","600000","300000","pagesOnly","vertical+vertical+horizontal+horizontal+horizontal+horizontal","20"
"doubleSheet","600000","300000","pagesOnly","vertical+vertical+vertical+horizontal+horizontal+horizontal","20"
"doubleSheet","600000","300000","pagesOnly","vertical+vertical+vertical+vertical+horizontal+horizontal","20"
"doubleSheet","600000","300000","pagesOnly","vertical+vertical+vertical+vertical+vertical+horizontal","20"
"doubleSheet","600000","300000","pagesOnly","vertical+vertical+vertical+vertical+vertical+vertical","10"
"doubleSheet","600000","300000","pagesOnly","square+square+square+square+square+square","12"
"doubleSheet","600000","300000","pagesAndSheet","horizontal","10"
"doubleSheet","600000","300000","pagesAndSheet","vertical","11"
"doubleSheet","600000","300000","pagesAndSheet","square","10"
"doubleSheet","600000","300000","pagesAndSheet","horizontal+horizontal","14"
"doubleSheet","600000","300000","pagesAndSheet","vertical+horizontal","10"
"doubleSheet","600000","300000","pagesAndSheet","vertical+vertical","13"
"doubleSheet","600000","300000","pagesAndSheet","square+square","11"
"doubleSheet","600000","300000","pagesAndSheet","horizontal+horizontal+horizontal","12"
"doubleSheet","600000","300000","pagesAndSheet","vertical+horizontal+horizontal","12"
"doubleSheet","600000","300000","pagesAndSheet","vertical+vertical+horizontal","11"
"doubleSheet","600000","300000","pagesAndSheet","vertical+vertical+vertical","11"
"doubleSheet","600000","300000","pagesAndSheet","square+square+square","10"
"doubleSheet","600000","300000","pagesAndSheet","horizontal+horizontal+horizontal+horizontal","12"
"doubleSheet","600000","300000","pagesAndSheet","vertical+horizontal+horizontal+horizontal","20"
"doubleSheet","600000","300000","pagesAndSheet","vertical+vertical+horizontal+horizontal","20"
"doubleSheet","600000","300000","pagesAndSheet","vertical+vertical+vertical+horizontal","20"
"doubleSheet","600000","300000","pagesAndSheet","vertical+vertical+vertical+vertical","12"
"doubleSheet","600000","300000","pagesAndSheet","square+square+square+square","10"
"doubleSheet","600000","300000","pagesAndSheet","horizontal+horizontal+horizontal+horizontal+horizontal","16"
"doubleSheet","600000","300000","pagesAndSheet","vertical+horizontal+horizontal+horizontal+horizontal","20"
"doubleSheet","600000","300000","pagesAndSheet","vertical+vertical+horizontal+horizontal+horizontal","20"
"doubleSheet","600000","300000","pagesAndSheet","vertical+vertical+vertical+horizontal+horizontal","20"
"doubleSheet","600000","300000","pagesAndSheet","vertical+vertical+vertical+vertical+horizontal","20"
"doubleSheet","600000","300000","pagesAndSheet","vertical+vertical+vertical+vertical+vertical","16"
"doubleSheet","600000","300000","pagesAndSheet","square+square+square+square+square","10"
"doubleSheet","600000","300000","pagesAndSheet","horizontal+horizontal+horizontal+horizontal+horizontal+horizontal","14"
"doubleSheet","600000","300000","pagesAndSheet","vertical+horizontal+horizontal+horizontal+horizontal+horizontal","20"
"doubleSheet","600000","300000","pagesAndSheet","vertical+vertical+horizontal+horizontal+horizontal+horizontal","20"
"doubleSheet","600000","300000","pagesAndSheet","vertical+vertical+vertical+horizontal+horizontal+horizontal","20"
"doubleSheet","600000","300000","pagesAndSheet","vertical+vertical+vertical+vertical+horizontal+horizontal","20"
"doubleSheet","600000","300000","pagesAndSheet","vertical+vertical+vertical+vertical+vertical+horizontal","20"
"doubleSheet","600000","300000","pagesAndSheet","vertical+vertical+vertical+vertical+vertical+vertical","16"
"doubleSheet","600000","300000","pagesAndSheet","square+square+square+square+square+square","12"
"doubleSheet","600000","240000","pagesOnly","horizontal","10"
"doubleSheet","600000","240000","pagesOnly","vertical","10"
"doubleSheet","600000","240000","pagesOnly","square","10"
"doubleSheet","600000","240000","pagesOnly","horizontal+horizontal","10"
"doubleSheet","600000","240000","pagesOnly","vertical+horizontal","10"
"doubleSheet","600000","240000","pagesOnly","vertical+vertical","10"
"doubleSheet","600000","240000","pagesOnly","square+square","10"
"doubleSheet","600000","240000","pagesOnly","horizontal+horizontal+horizontal","10"
"doubleSheet","600000","240000","pagesOnly","vertical+horizontal+horizontal","10"
"doubleSheet","600000","240000","pagesOnly","vertical+vertical+horizontal","12"
"doubleSheet","600000","240000","pagesOnly","vertical+vertical+vertical","10"
"doubleSheet","600000","240000","pagesOnly","square+square+square","10"
"doubleSheet","600000","240000","pagesOnly","horizontal+horizontal+horizontal+horizontal","11"
"doubleSheet","600000","240000","pagesOnly","vertical+horizontal+horizontal+horizontal","10"
"doubleSheet","600000","240000","pagesOnly","vertical+vertical+horizontal+horizontal","20"
"doubleSheet","600000","240000","pagesOnly","vertical+vertical+vertical+horizontal","20"
"doubleSheet","600000","240000","pagesOnly","vertical+vertical+vertical+vertical","13"
"doubleSheet","600000","240000","pagesOnly","square+square+square+square","11"
"doubleSheet","600000","240000","pagesOnly","horizontal+horizontal+horizontal+horizontal+horizontal","10"
"doubleSheet","600000","240000","pagesOnly","vertical+horizontal+horizontal+horizontal+horizontal","20"
"doubleSheet","600000","240000","pagesOnly","vertical+vertical+horizontal+horizontal+horizontal","20"
"doubleSheet","600000","240000","pagesOnly","vertical+vertical+vertical+horizontal+horizontal","12"
"doubleSheet","600000","240000","pagesOnly","vertical+vertical+vertical+vertical+horizontal","20"
"doubleSheet","600000","240000","pagesOnly","vertical+vertical+vertical+vertical+vertical","14"
"doubleSheet","600000","240000","pagesOnly","square+square+square+square+square","12"
"doubleSheet","600000","240000","pagesOnly","horizontal+horizontal+horizontal+horizontal+horizontal+horizontal","16"
"doubleSheet","600000","240000","pagesOnly","vertical+horizontal+horizontal+horizontal+horizontal+horizontal","20"
"doubleSheet","600000","240000","pagesOnly","vertical+vertical+horizontal+horizontal+horizontal+horizontal","20"
"doubleSheet","600000","240000","pagesOnly","vertical+vertical+vertical+horizontal+horizontal+horizontal","20"
"doubleSheet","600000","240000","pagesOnly","vertical+vertical+vertical+vertical+horizontal+horizontal","20"
"doubleSheet","600000","240000","pagesOnly","vertical+vertical+vertical+vertical+vertical+horizontal","20"
"doubleSheet","600000","240000","pagesOnly","vertical+vertical+vertical+vertical+vertical+vertical","13"
"doubleSheet","600000","240000","pagesOnly","square+square+square+square+square+square","10"
"doubleSheet","600000","240000","pagesAndSheet","horizontal","11"
"doubleSheet","600000","240000","pagesAndSheet","vertical","11"
"doubleSheet","600000","240000","pagesAndSheet","square","11"
"doubleSheet","600000","240000","pagesAndSheet","horizontal+horizontal","10"
"doubleSheet","600000","240000","pagesAndSheet","vertical+horizontal","10"
"doubleSheet","600000","240000","pagesAndSheet","vertical+vertical","10"
"doubleSheet","600000","240000","pagesAndSheet","square+square","10"
"doubleSheet","600000","240000","pagesAndSheet","horizontal+horizontal+horizontal","11"
"doubleSheet","600000","240000","pagesAndSheet","vertical+horizontal+horizontal","12"
"doubleSheet","600000","240000","pagesAndSheet","vertical+vertical+horizontal","10"
"doubleSheet","600000","240000","pagesAndSheet","vertical+vertical+vertical","12"
"doubleSheet","600000","240000","pagesAndSheet","square+square+square","10"
"doubleSheet","600000","240000","pagesAndSheet","horizontal+horizontal+horizontal+horizontal","11"
"doubleSheet","600000","240000","pagesAndSheet","vertical+horizontal+horizontal+horizontal","14"
"doubleSheet","600000","240000","pagesAndSheet","vertical+vertical+horizontal+horizontal","20"
"doubleSheet","600000","240000","pagesAndSheet","vertical+vertical+vertical+horizontal","20"
"doubleSheet","600000","240000","pagesAndSheet","vertical+vertical+vertical+vertical","13"
"doubleSheet","600000","240000","pagesAndSheet","square+square+square+square","11"
"doubleSheet","600000","240000","pagesAndSheet","horizontal+horizontal+horizontal+horizontal+horizontal","12"
"doubleSheet","600000","240000","pagesAndSheet","vertical+horizontal+horizontal+horizontal+horizontal","20"
"doubleSheet","600000","240000","pagesAndSheet","vertical+vertical+horizontal+horizontal+horizontal","20"
"doubleSheet","600000","240000","pagesAndSheet","vertical+vertical+vertical+horizontal+horizontal","18"
"doubleSheet","600000","240000","pagesAndSheet","vertical+vertical+vertical+vertical+horizontal","20"
"doubleSheet","600000","240000","pagesAndSheet","vertical+vertical+vertical+vertical+vertical","12"
"doubleSheet","600000","240000","pagesAndSheet","square+square+square+square+square","10"
"doubleSheet","600000","240000","pagesAndSheet","horizontal+horizontal+horizontal+horizontal+horizontal+horizontal","14"
"doubleSheet","600000","240000","pagesAndSheet","vertical+horizontal+horizontal+horizontal+horizontal+horizontal","20"
"doubleSheet","600000","240000","pagesAndSheet","vertical+vertical+horizontal+horizontal+horizontal+horizontal","20"
"doubleSheet","600000","240000","pagesAndSheet","vertical+vertical+vertical+horizontal+horizontal+horizontal","20"
"doubleSheet","600000","240000","pagesAndSheet","vertical+vertical+vertical+vertical+horizontal+horizontal","20"
"doubleSheet","600000","240000","pagesAndSheet","vertical+vertical+vertical+vertical+vertical+horizontal","20"
"doubleSheet","600000","240000","pagesAndSheet","vertical+vertical+vertical+vertical+vertical+vertical","17"
"doubleSheet","600000","240000","pagesAndSheet","square+square+square+square+square+square","11"
